system,r_mint,r_prins,r_diff,s_mint,s_prins,s_diff,ba_mint,ba_prins,ba_diff,lcdiv
Hadoop,1,1,0,0.914285714,0.883333333,-3.095238095,0.957142857,0.941666667,-1.547619048,0.015
HDFS,0.981,0.98,-0.1,0.373,0.722,34.9,0.677,0.851,17.4,0.007
Linux,0.355,0.12,-23.5,0.885,0.98,9.5,0.62,0.55,-7,0.561
Zookeeper,0.216666667,0.1,-11.66666667,0.925,1,7.5,0.570833333,0.55,-2.083333333,0.571
CoreSync,0.947133154,0.930915992,-1.621716112,0.851243632,0.892767955,4.152432324,0.899188393,0.911841974,1.265358106,0.048
NGLClient,0.855,0.855,0,1,0.975,-2.5,0.9275,0.915,-1.25,0.195
Oobelib,0.98,0.98,0,1,1,0,0.99,0.99,0,0.016
PDApp,0.970723791,0.947874067,-2.284972412,0.977117819,0.975803311,-0.131450828,0.973920805,0.961838689,-1.20821162,0.014
Average,0.788190451,0.739223757,-4.896669399,0.865705896,0.928613075,6.290717925,0.826948174,0.833918416,0.697024263,0.178